"model_features","dataset","dist","rmse_4","mae_4","rsq_4","rmse_8","mae_8","rsq_8","rmse_none","mae_none","rsq_none"
"alop","Pre","Empirical poisson",3.04872708554001,2.45263157894737,0.600791071642882,4.65512757783903,3.73404255319149,0.573522368893633,NA,NA,NA
"alop","Pre","NGBoost poisson",3.05734663083083,2.44210526315789,0.594120065411153,4.27262438659615,3.36170212765957,0.62836545312306,NA,NA,NA
"alop","Pre","Only patients in ED",2.97533722104695,2.32631578947368,0.580988724513527,3.48553240842956,2.87234042553191,0.671522121479734,2.86320042376825,2.23958333333333,0.844344030668144
"alop","Post","Empirical poisson",4.69809238649817,3.72972972972973,0.436222620142936,6.21947089243275,5.15454545454545,0.516540711388837,NA,NA,NA
"alop","Post","NGBoost poisson",4.26804594823161,3.31531531531532,0.447412809355915,5.0766846733599,4.11818181818182,0.546557811510952,NA,NA,NA
"alop","Post","Only patients in ED",4.10339345394002,3.18018018018018,0.46750964086979,3.56625599448242,2.64545454545455,0.657224354307198,2.51779381885922,1.875,0.829346062456438
"alop","Pre + Post","Empirical poisson",3.47578495898136,2.74774774774775,0.430453689222777,5.65685424949238,4.58181818181818,0.518580494827202,NA,NA,NA
"alop","Pre + Post","NGBoost poisson",3.16939190461594,2.51351351351351,0.44813213745503,4.42102415119557,3.54545454545455,0.55684955751304,NA,NA,NA
"alop","Pre + Post","Only patients in ED",2.94085848837523,2.28828828828829,0.478363953144205,3.16227766016838,2.29090909090909,0.633845917800021,2.62372417975453,1.91964285714286,0.820152132942959
