"room4_new","num_pat_mean","num_pat_sd","duration_mean","duration_sd","num_pat_mean_breach","num_pat_sd_beach","duration_mean_breach","duration_sd_breach","num_pat_mean_seen4hrs","num_pat_sd_seen4hrs","duration_mean_seen4hrs","duration_sd_seen4hrs"
"Admitted",416.816666666667,87.3022203819343,14.6585547457709,3.1686287437528,273.433333333333,71.3920583027312,15.4712902474047,4.27533493571953,143.383333333333,48.4520002444029,13.4960327429569,4.23735190617721
"Arrival",349.916666666667,53.6972971155357,0.41789852202712,0.161439447439316,82.5666666666667,29.1741507750667,0.364579946984201,0.142457472639035,267.35,40.875513784155,0.430527262377388,0.176305533083493
"Discharged",818.933333333333,145.585767914343,1.01595630285915,0.12729853327974,172.416666666667,71.6974083323932,1.62523610203005,0.140667208217714,646.516666666667,108.109092997308,0.861537115380492,0.126472206728805
"MAJORS",173.55,28.5546903149562,2.18124118352086,0.351173413307481,99.9666666666667,27.4744668316533,2.78181362532298,0.508349996677986,73.5833333333333,19.5892496172,1.38357027665631,0.162070143410971
"RAT",215.183333333333,41.3752942195148,0.532838120839917,0.113284126782895,89.5166666666667,26.3622043693057,0.616579526395966,0.133545265263088,125.666666666667,29.4132834436731,0.4705542313749,0.0877384352358979
"RESUS",32.4166666666667,6.32533690846976,1.94869476577904,0.388243185540923,17.75,5.77435886821932,2.50010530949626,0.50292859881702,14.6666666666667,6.14145863165207,1.22526573183833,0.27240545533945
"TAF",6.42372881355932,2.86599197384701,4.37139911520526,2.11861903755511,4.94827586206897,2.76203849073821,5.44645750851426,2.76631306172502,2.3,1.34355059641541,1.32070196759259,0.677518309204791
"TRIAGE",226.633333333333,53.4761048068269,1.54716180749534,0.370989096570261,39.9166666666667,23.8286906307321,2.07668376075141,0.730099831997517,186.716666666667,39.8867429089792,1.42944601778519,0.339518944320499
"UTC",98.3166666666667,86.3560802657813,1.21515277203245,0.315953206383824,24.1666666666667,20.0526144089186,1.89809760011233,0.560278157531645,74.15,70.2795447251877,0.980235938748842,0.268863658733509
