"room6","num_pat_mean","num_pat_sd","duration_mean","duration_sd","num_pat_mean_breach","num_pat_sd_beach","duration_mean_breach","duration_sd_breach","num_pat_mean_seen4hrs","num_pat_sd_seen4hrs","duration_mean_seen4hrs","duration_sd_seen4hrs"
"Arrived",183.625,74.1637907414586,4.73420373687616,2.74711158216834,36.8333333333333,19.3950165420571,4.55180490282702,1.7335576700187,184.666666666667,66.3797157772362,5.81812037689683,0.92914659349617
"MAJORS",96.75,34.9765227382189,2.30364871921228,0.224112266093581,42.1666666666667,22.9731727601276,3.13234879089741,0.73246950284113,90.5,30.7619895325384,1.92444896475355,0.245246019659385
"Meas post arrival",128.285714285714,57.5375653688217,0.160508251850047,0.0451842803633655,22.5,11.1130553854464,0.104158094023976,0.0425510305970649,129,44.7437146423942,0.140861132614933,0.0479110493141607
"Meas pre arrival",1.6,1.34164078649987,0.440833333333333,0.214176394072217,1,NA,0.55,NA,1.33333333333333,0.577350269189626,0.3,0.0833333333333333
"RAT",108,45.2074582974346,0.569662185714778,0.157731739020464,31.3333333333333,16.2931478440069,0.619245771176269,0.228829435766706,104.5,35.3426088454149,0.547788624278912,0.0668051844907865
"RESUS",11.25,4.83292280686779,1.79151455026455,0.701453283724263,7.66666666666667,3.38624669312008,2.42262240460157,1.20735178979306,10.1666666666667,4.9564772436345,1.85251485601363,0.442444528129849
"TAF",3,1.73205080756888,2.20664021164021,1.10239063490377,1.5,0.577350269189626,4.34940972222222,3.4006060953192,2,1.22474487139159,1.30805555555556,0.732011256965406
"TRIAGE",97.75,42.2331961511659,0.723995383673097,0.37680788204987,9.6,6.22896460095897,0.444583796296296,0.279947391323557,104.833333333333,37.053564830751,0.823361593303707,0.289579732860953
"UTC",37.7142857142857,11.9682118646895,0.953648624371767,0.187753453275865,4.66666666666667,4.17931413830866,1.6346756291548,1.20362798546936,33.1666666666667,16.3635774409714,0.853798006105249,0.146728179641682
